system,parameter,recommended_value,selection_basis,ga_best_fitness_mean,critic_score_mean,novelty_dist_aist_mean,novelty_score_mean,target_dist_mean,smoothness_mean,runtime_s_mean,collapse_rate
System1,latent_dim,256,see summary metrics,251.44643466200952,,,,,9.30782817659402,10.922357055339186,
System1,mutation_rate,0.1,see summary metrics,266.2281565405195,,,,,7.543686918961028,10.76859168097144,
System1,mutation_strength,0.1,see summary metrics,233.424370820581,,,,,6.484591692171346,10.732215971996387,
System1,num_generations,100,see summary metrics,233.424370820581,,,,,6.484591692171346,10.728072638992066,
System2,ddim_steps,200,see summary metrics,,0.8958007362153795,908.1440972222222,0.89478292094785,0.03512992064158124,3.698271526230706,12.017742787106222,0.1111111111111111
System2,guidance_scale,3.0,see summary metrics,,0.8210796763499578,1073.403564453125,0.8201862323275818,0.10892032365004227,9.069782574971518,6.010454532457516,0.2222222222222222
System2,retry_attempts,3,see summary metrics,,0.9146849049462212,884.6768731011284,0.9135935980893387,0.015315095053778803,2.4024176465140448,10.763189421229375,0.0
System2,target_realism,0.93,see summary metrics,,0.8210796763499578,1073.403564453125,0.8201862323275818,0.10892032365004227,9.069782574971518,5.972926069115703,0.2222222222222222
